Name,FirstName,House Numbe,Street,Town,City,Postcode,Registration,Make,Model,Engine Size
Harry,Smith,32,Ullet Rd,Aigburth,Liverpool,l17 0EN,,VW,UP,1.6
Mollie ,Wilcox,29,Pangbourne ,Appleton,Warington,WA4 THY,DG15 UJS,Citroen,,1.2
,Hunter,4,Kelton Grove,Garston,,L19 OBE,A3D 8SK,Nissan,Micra,2.3
Ash,Hedworth,76,Sherman,Tenggun Dajah,Umunede,24D 5W,FG43 3FS,,SL-Class,3.5
Melva,Torra,2,Florence,Kamionka,Xinsheng,,F3F3 TEG,Chevrolet,Suburban 2500,3.8
Estrella,Agneau,5,Basil,Rinbung,_aq_nis,244 TSF,DJ9 SJJ,GMC,Vandura 3500,5
,Wagstaffe,4,Hagan,Tuba,Pingtang,S3D 33F,DJS KSD,Mazda,RX-7,3.3
Micky,Cuolahan,5,Debs,Bengtsfors,Da-an Sur,666 23,DGS SFW,Mazda,MPV,2.8
Linnell,Hubery,6,Hansons,Redcliff,Joinville,S3D 4ST,DF9 SKF,Mercedes-Benz,600SL,4.2
,Udie,7,Leroy,Tambopata,Takasaki,S3T 35S,SJO KDO,Chevrolet,Camaro,4.2
Miof mela,Bagworth,8,Rockefeller,Ukhta,Sumqayıt,169309,SKO SEO,Toyota,Highlander Hybrid,1.9
Aguistin,Teresi,9,Waxwing,,Terpinnya,S35 35F,F30 W0S,Ford,Escort,3
Corrine,Rooze,10,Fieldstone,Xinshan,Longzhouwan,FY6 FHF,SFKO S0S,Jeep,Grand Cherokee,2
Sophie,Laidlow,11,Barby,Tawali,Linköping,HRJ GRY,DNWF 39D,BMW,Z4,5
Alene,Freckleton,12,Bunting,Mansôa,Guandiping,4YG U5R,DKS 03K,Plymouth,Fury,1.7
Garrik,Blowen,13,Darwin,C_u Giát,Charlotte,Y5Y G46,SKJF 03,Aston Martin,DB9 Volante,5
Corey,Perez,14,Elgar,Okpoga,Belgrade,G46 G5Y,DUS 0SK,Ford,Five Hundred,4.8
Robin,Dibner,15,Center,Nytva,Sungai Raya,617000,DJIS 029,Suzuki,SX4,3.5
Corey,Dabels,16,Namekagon,Krasnokamensk,Cala,662955,SJI 03S,Chevrolet,Corvette,1.3
Giuseppe,Cuppleditch,17,Clove,Póvoa do Valado,Biqiao,3810-760,DJI 9SI,Subaru,Outback,1.2
Neill,Mattaser,18,Commercial,Sidaurip,Ebu,T6R 7RY,SJIF S9,Ford,Club Wagon,2.4
Karyn,MacConnulty,19,Butterfield,Hekinan,Effium,475-0803,S8D 0SO,Dodge,Shadow,3.8
Raoul,Laying,20,Tony,Cimanggu,Bezenchuk,4YE Y4Y,DNWF 39D,Buick,Electra,2.9
Ode,Szachniewicz,21,Banding,Avellaneda,Las Higueras,5212,DKS 03K,GMC,Yukon,2.6
Louis,Blomfield,22,Granby,Montenegro,Ji Paraná,633008,SKJF 04,Audi,A3,4
Rufus,Bessell,23,Meadow Valley,O_echov,Wolofeo,594 52,DUS 0SK,Nissan,Frontier,3.7
Adolph,Balk,24,Shelley,Roshnik,Lingdangge,Y4YEH,DJIS 030,Dodge,Grand Caravan,1.7
Chloette,Bolden,25,Gerald,Postoloprty,Itajaí, EY45 45,SJI 03S,Pontiac,Bonneville,1.6
Doug,Klainman,26,Blackbird,Lais,Lanta Timur,9601,DJI 9SI,Volvo,S60,2.1
Idalina,Dumberrill,27,Scoville,Ingeniero Guillermo N. Juárez,Puzi,3636,SJIF S10,Chevrolet,Express 2500,4.3
Ramon,Spittles,28,Sommers,Wonorejo,'s-Hertogenbosch,5YR 75H,S8D 0SO,Chevrolet,Tahoe,4
Darnell,Voller,29,Burrows,Nakhon Luang,Datong,13260,DNWF 39D,BMW,7 Series,4
Yvonne,Islip,30,Talmadge,Mangaldan,P_shm_l,2432,DKS 03K,Hyundai,Elantra,2.2
Cart,Scurr,31,Valley Edge,Kafr __r,Lyski,TS 6EG,SKJF 05,Infiniti,Q,1.1
Madison,Derrell,32,Red Cloud,Staryy Oskol,Beauceville,309509,DUS 0SK,Aston Martin,Vantage,3.7
Garvey,Davys,33,Lillian,Lianovérgi,Dijon,TY5 6G4,DJIS 031,Suzuki,Verona,4.6
Franni,Pirri,34,Melrose,Portland,Yala,97271,SJI 03S,GMC,3500 Club Coupe,4.7
Bianca,Karadzas,35,Sloan,Guanbuqiao,_yraków,KTF 5HE,DJI 9SI,Chrysler,300C,1.9
Beret,Semmence,36,Forest,Arnhem,Gorodishche,6804,ER3 0SK,Mazda,Miata MX-5,4.8
Aubine,Coneau,37,Trailsway,Rääkkylä,Picos,82301,F39 SFO,Lexus,LX,1.7
Meaghan,Moynham,38,Aberg,Giyon,Damaying,5HE 5GH,SKF 9SK,Lexus,CT,2.6
Giuseppe,Medcalf,39,Waubesa,High Point,Somorpenang,27264,SKJF 06,Chrysler,Aspen,4.6
Selia,Pleasance,40,Farragut,Minnedosa,Sharjah,5YD YW4,DUS 0SK,Chevrolet,Silverado 2500,1
Clotilda,Tomney,41,Holmberg,Dvorovi,Barrinha,TYR THF,DJIS 032,Ford,Explorer,4.5
Lind,Denerley,42,Becker,Puerto Maldonado,Banjar Kajanan, EY45 45,SJI 03S,Ford,Explorer,4.3
Rena,Riply,43,Ilene,Iniö,Yegor’yevsk,23390,DJI 9SI,Lexus,SC,4.3
Sherm,Ricks,44,Bartillon,Ceibas,J_yb_r,2823,ER3 0SK,Cadillac,CTS,3.4
Carlos,Warlton,45,Red Cloud,Pisarzowice,Kuala Terengganu,49-314,F39 SFO,Ford,F-Series Super Duty,4.5
Boniface,McGovern,46,Mcbride,Yeyik,Ochakiv,5YE 5YD,SKF 9SK,Buick,Century,2.1
Rustie,McCombe,47,Dexter,Aija,Kokofata,TYD YED,SKJF 07,Mitsubishi,Raider,2.7
Urbain,Middas,48,Morrow,Sumbersewu,Krzepice,5YE 5YD,DUS 0SK,Volkswagen,GTI,4.4
Sunny,Warham,49,Upham,Flagstaff,Albuquerque,TYD YED,DJIS 033,Pontiac,Firebird,2.9
Morgen,Bontoft,50,Jackson,Nevel’,Stutterheim,5YE 5YD,SJI 03S,Jaguar,XJ Series,2.8
Corey,Fincken,51,Fallview,Kez,Cibungur,TYD YED,DJI 9SI,Toyota,T100,4.2
Brooks,Olfert,52,Coleman,Chinameca,Santa María Chiquimula,RTYD RE,ER3 0SK,Pontiac,Grand Prix,3.8
Leoline,Flaunders,53,Sherman,Bei’an,Nahr_n,Y5YDT 5YD,F39 SFO,Dodge,Aspen,3.6
Phip,Pettersen,54,Continental,Cibinong,Zhiryatino,YEY 5ER,SKF 9SK,Ford,E150,4.4
Claire,Harriss,55,Esker,Berlín,Uchiza,5YE 5ET,SKJF 08,Jaguar,XJ Series,4.4
Hedvige,Tampion,56,Old Shore,Huanggang,Pandean,RYD THD,DUS 0SK,Mitsubishi,Precis,1.9
Stanley,Fernihough,57,Beilfuss,Lavaur,Choujiang,81506 CEDEX,DJIS 034,Ford,Escape,3.8
Giselle,MacGilmartin,58,Caliangt,Maiorca,Tungguwaneng,3090-469,MJ62 COD,Chevrolet,G-Series 2500,4.5
Gabriello,Sims,59,Cherokee,Daguo,Wiset Chaichan,RDR 4TS,DG15 8SL,Mercury,Cougar,1.1
Nealson,Addinall,60,Tomscot,Hetian,Wang Sam Mo,DRD 4TSD,MJ62 COD,Infiniti,QX,3.3
Elinore,Crabtree,61,Rowland,Lusambo,Livadiya,WGD GW,DG15 8SL,Nissan,GT-R,1.5
Zuzana,Klosa,62,Porter,Sartana,Ciudad Bolívar,GWR 4GS,MJ62 COD,Volkswagen,Cabriolet,3
Chrotoem,Patnelli,63,Towne,Pontevedra,Zilupe, WT RGW,DG15 8SL,Mercedes-Benz,GL-Class,2.1
Velma,Gowling,64,Clyde Gallagher,Karlstad,Beo,655 94,MJ62 COD,Buick,Lucerne,3.3
Killian,Bridgen,65,Buell,Doloon,Arauca,RDR 4TS,FR9 SK9,Chevrolet,S10,2.5
Steve,Pioch,66,Pine View,Hechun,Y_nan-_p,FY6 FHF,A3D 4TF,Mercury,Montego,2.4
Benoit,Hoonahan,67,Nancy,Xinhua,Dafang,ETS T3WE,S3D 4DS,Chevrolet,Monza,1.9
Amy,Klesse,68,David,Ceuta,Amberd,51005,S23 SD4,Pontiac,1000,2.5
Erhard,Sheehy,69,Brentwood,Rumyantsevo,Tsubame,143570,S3D S3D,Mitsubishi,Mirage,4
Anett,Leif,70,Lakeland,Amsterdam Noord west,Posse,1039,S3D S3R,Nissan,Altima,2.4
Jedd,Dey,71,Dahle,København,Independencia,TEG WEG,S4D 4S4 ,Pontiac,Grand Prix,3.2
Zia,Peirpoint,72,Redwing,Baikouquan,Ouégoa,WTR 423,EST 4SR ,Pontiac,Bonneville,3.3
Petra,Tantrum,73,Vahlen,Pasirgaru,Fond du Sac,E3T TET,V9S 8SI,Chevrolet,Impala,1.3
Benedicto,Fassum,74,Stang,Mandor,Wonokerto,FY6 FHF,X8S USJ,GMC,Savana 3500,4.9
Lindy,Smalman,75,3rd,Camlachie,Alburitel,G46 G5Y,S4D 4S5,Mazda,Familia,2.2
Mary,Wrefford,76,Oriole,Rtyn_ v Podkrkono_í,Pandean,542 33,EST 4SR ,Mitsubishi,Challenger,2
Tedra,Cornillot,77,Kinsman,Shibajiazi,Lajinha,FDG GSG,V9S 8SI,Suzuki,Swift,4.9
Pacorro,Petran,78,Dahle,Aoluguya Ewenke Minzu,Wulijie,G46 G5Y,X8S USJ,Chrysler,Cirrus,1.2
Elfrida,Grimston,79,Tennessee,San Luis,Nanshe,FHE 4GD,S4D 4S6,Ford,Ranger,2
Jasmine,Spellsworth,80,Carpenter,Shaowu,Strawberry Hills,TYH D43,EST 4SR ,BMW,5 Series,2.2
Rosmunda,Conneely,81,Fulton,Eastern Suburbs Mc,Okcheon,1325,V9S 8SI,Volvo,XC90,4
Paquito,Pyne,82,Continental,Saint Louis,Xia Dawo,63131,X8S USJ,Pontiac,Grand Prix,3.9
Consolata,Going,83,Sunbrook,Sumber,Pristen’,T33 TET,S4D 4S7,BMW,750,2.1
Melvyn,Grabban,84,Gina,Cikananga,Ludvika,GRD T4Y,TSN 0S9,Morgan,Aero 8,2.8
Mae,Lorand,85,Lillian,Rio Pardo,Al Jaghb_b,96640-000,LSO 9SJ,Toyota,Previa,2.9
Padget,Blethyn,86,Hermina,Hvozdná,Pulong Gubat,763 11,NSI 8SJ,Suzuki,Verona,3.8
Simonette,Asker,87,Fallview,Alibago,Yushu,3300,GUSJ 9SJ,Oldsmobile,Ciera,4.6
Brent,Duncombe,88,Debs,Fukiage-fujimi,Nglego,369-0137,TSN 0S10,Suzuki,Swift,2.7
Fannie,Postan,89,Maryland,Changshu City,Ogoja,TEG WEG,LSO 9SJ,Ford,LTD Crown Victoria,1.3
Brantley,Schlagh,90,Ridgeway,Lanchyn,Vatutine,T4E T34,NSI 8SJ,Mercury,Cougar,2.3
Keane,Wayvill,91,Quincy,Metsemotlhaba,Qingsong,TGD 4TH,GUSJ 9SJ,Ford,Ranger,4.3
Gratia,Boler,92,Hintze,Providencia,Tuchomie,38477,TSN 0S11,Honda,del Sol,4.8
Toma,McCarly,93,Sunbrook,Périgueux,Sesheke,24053 CEDEX,LSO 9SJ,Toyota,Tacoma Xtra,4.2
Alain,Meenan,94,Eastwood,Columbia,Daguo,29215,NSI 8SJ,Mercedes-Benz,S-Class,3.5
Carlita,Rizzini,95,Luster,Remolino,Okrika,477027,GUSJ 9SJ,Eagle,Talon,3.4
Mikael,Pelerin,96,Tennyson,Kedung,Rutul,4WF 5GE,TSN 0S12,Ford,Model T,3.8
Townsend,Kaesmakers,97,Manufacturers,Perovo,Borehbangle,140185,LSO 9SJ,BMW,Z4 M Roadster,3.2
Willy,Mcsarry,98,Darwin,Apt,Babakantugu,84404 CEDEX,NSI 8SJ,Maybach,62,3.6
Elmira,Errichi,99,Ohio,Granada,Néa Magnisía,252257,GUSJ 9SJ,Mazda,Mazdaspeed6,2.7
Abbi,Bygate,100,Bunker Hill,Coaraci,Ina,45638-000,TSN 0S13,Audi,A6,4.7
Ruben ,Bryan,88,Halloway Drive,Minehead,York,WA4 8SJ,AER 5GD,Kia,Pocanto ,2.2
Chris,Hughes,1,Rookery Rd,Allerton,Bristol,S89 0SS,DSR 3D5,Lexus,5,1.5
Holly,Kay,99,Ash bourne close,Manchester,Liverpool ,D4F DSS,S3F 5EF,Peugeot,108,1.6
Katie,Price,36,Hollywood Rd,Sheffield,Shefield ,24S 4TF,S3F 5EF,Vauxhall,astra,1.8
Rachel,Taylor,15,West Rd,London,Sharjah,SES 45F,DG15 UJS,BMW,X5,1.2
Hannah,Gifford,22,Eton Rd,Saint Louis,Daguo,124 S4D,D3H 45FS,Vauxhall,Corsa,1.1